DATE,VEHICLE ID,REGISTRATION,PREVIOUS MILEAGE (km),CURRENT MILEAGE (km),DISTANCE DRIVEN (km),WEEK NUMBER,WEEKLY LIMIT,STATUS / WARNING,Column 1
29 Mar 2026,CR01,ML 47 SY GP,"86,846","86,846",-,13-2026,"2,000",✅ Within Limit,
29 Mar 2026,CR02,ML 85 NG GP,-,"107,347","107,347",13-2026,"2,000","⚠ OVER LIMIT BY 105,347 km",
29 Mar 2026,CR04,MN 81 MC GP,-,"74,623","74,623",13-2026,"2,000","⚠ OVER LIMIT BY 72,623 km",
29 Mar 2026,CR05,LP 66 LB GP,-,"64,874","64,874",13-2026,"2,000","⚠ OVER LIMIT BY 62,874 km",
29 Mar 2026,CR06,MR 65 SW GP / BR 47 TY ZN,-,"73,317","73,317",13-2026,"2,000","⚠ OVER LIMIT BY 71,317 km",
29 Mar 2026,CR07,MS 29 BZ GP,-,"60,468","60,468",13-2026,"2,000","⚠ OVER LIMIT BY 58,468 km",
29 Mar 2026,CR09,MW 07 ZG GP / BR 43 XC ZN,-,"47,828","47,828",13-2026,"2,000","⚠ OVER LIMIT BY 45,828 km",
05 Apr 2026,CR01,ML 47 SY GP,"86,846","88,558","1,712",14-2026,"2,000",✅ Within Limit,
05 Apr 2026,CR02,ML 85 NG GP,"107,347","108,294",947,14-2026,"2,000",✅ Within Limit,
05 Apr 2026,CR04,MN 81 MC GP,"74,623","76,505","1,882",14-2026,"2,000",✅ Within Limit,
05 Apr 2026,CR06,MR 65 SW GP / BR 47 TY ZN,"73,317","74,611","1,294",14-2026,"2,000",✅ Within Limit,
05 Apr 2026,CR09,MW 07 ZG GP / BR 43 XC ZN,"47,828","49,301","1,473",14-2026,"2,000",✅ Within Limit,
06 Apr 2026,CR05,LP 66 LB GP,"64,874","66,640","1,766",15-2026,"2,000",✅ Within Limit,
12 Apr 2026,CR01,ML 47 SY GP,"88,558","90,267","1,709",15-2026,"2,000",✅ Within Limit,
12 Apr 2026,CR02,ML 85 NG GP,"108,294","111,230","2,936",15-2026,"2,000",⚠ OVER LIMIT BY 936 km,
12 Apr 2026,CR04,MN 81 MC GP,"76,505","78,189","1,684",15-2026,"2,000",✅ Within Limit,
12 Apr 2026,CR05,LP 66 LB GP,"66,640","68,232","1,592",15-2026,"2,000",✅ Within Limit,
12 Apr 2026,CR06,MR 65 SW GP / BR 47 TY ZN,"74,611","75,999","1,388",15-2026,"2,000",✅ Within Limit,
12 Apr 2026,CR07,MS 29 BZ GP,"60,468","64,417","3,949",15-2026,"2,000","⚠ OVER LIMIT BY 1,949 km",
13 Apr 2026,CR08,MW 07 YY GP / BT 23 JK ZN,-,"54,435","54,435",16-2026,"2,000","⚠ OVER LIMIT BY 52,435 km",
13 Apr 2026,CR09,MW 07 ZG GP / BR 43 XC ZN,"49,301","50,251",950,16-2026,"2,000",✅ Within Limit,
19 Apr 2026,CR01,ML 47 SY GP,"90,267","91,770","1,503",16-2026,"2,000",✅ Within Limit,
19 Apr 2026,CR02,ML 85 NG GP,"111,230","112,837","1,607",16-2026,"2,000",✅ Within Limit,
19 Apr 2026,CR04,MN 81 MC GP,"78,189","79,165",976,16-2026,"2,000",✅ Within Limit,
19 Apr 2026,CR05,LP 66 LB GP,"68,232","70,126","1,894",16-2026,"2,000",✅ Within Limit,
19 Apr 2026,CR06,MR 65 SW GP / BR 47 TY ZN,"75,999","77,434","1,435",16-2026,"2,000",✅ Within Limit,
19 Apr 2026,CR07,MS 29 BZ GP,"64,417","65,965","1,548",16-2026,"2,000",✅ Within Limit,
19 Apr 2026,CR09,MW 07 ZG GP / BR 43 XC ZN,"50,251","51,715","1,464",16-2026,"2,000",✅ Within Limit,
20 Apr 2026,CR08,MW 07 YY GP / BT 23 JK ZN,"54,435","56,740","2,305",17-2026,"2,000",⚠ OVER LIMIT BY 305 km,
26 Apr 2026,CR01,ML 47 SY GP,"91,770","93,239","1,469",17-2026,"2,000",✅ Within Limit,
26 Apr 2026,CR02,ML 85 NG GP,"112,837","114,565","1,728",17-2026,"2,000",✅ Within Limit,
26 Apr 2026,CR06,MR 65 SW GP / BR 47 TY ZN,"77,434","79,061","1,627",17-2026,"2,000",✅ Within Limit,
26 Apr 2026,CR07,MS 29 BZ GP,"65,965","67,439","1,474",17-2026,"2,000",✅ Within Limit,
26 Apr 2026,CR09,MW 07 ZG GP / BR 43 XC ZN,"51,715","53,164","1,449",17-2026,"2,000",✅ Within Limit,
03 May 2026,CR01,ML 47 SY GP,"93,239","94,168",929,18-2026,"2,000",✅ Within Limit,
03 May 2026,CR02,ML 85 NG GP,"114,565","116,297","1,732",18-2026,"2,000",✅ Within Limit,
03 May 2026,CR06,MR 65 SW GP / BR 47 TY ZN,"79,061","80,622","1,561",18-2026,"2,000",✅ Within Limit,
03 May 2026,CR07,MS 29 BZ GP,"67,439","69,444","2,005",18-2026,"2,000",⚠ OVER LIMIT BY 5 km,
03 May 2026,CR09,MW 07 ZG GP / BR 43 XC ZN,"53,164","54,715","1,551",18-2026,"2,000",✅ Within Limit,
10 May 2026,CR01,ML 47 SY GP,"94,168","95,864","1,696",19-2026,"2,000",✅ Within Limit,
10 May 2026,CR02,ML 85 NG GP,"116,297","118,396","2,099",19-2026,"2,000",⚠ OVER LIMIT BY 99 km,
10 May 2026,CR05,LP 66 LB GP,"70,126","73,970","3,844",19-2026,"2,000","⚠ OVER LIMIT BY 1,844 km",
10 May 2026,CR07,MS 29 BZ GP,"69,444","71,294","1,850",19-2026,"2,000",✅ Within Limit,
11 May 2026,CR06,MR 65 SW GP / BR 47 TY ZN,"80,622","81,995","1,373",20-2026,"2,000",✅ Within Limit,
18 May 2026,CR02,ML 85 NG GP,"118,396","119,890","1,494",21-2026,"2,000",✅ Within Limit,
18 May 2026,CR05,LP 66 LB GP,"73,970","75,426","1,456",21-2026,"2,000",✅ Within Limit,
18 May 2026,CR06,MR 65 SW GP / BR 47 TY ZN,"81,995","83,894","1,899",21-2026,"2,000",✅ Within Limit,
18 May 2026,CR07,MS 29 BZ GP,"71,294","72,931","1,637",21-2026,"2,000",✅ Within Limit,
24 May 2026,CR04,MN 81 MC GP,"79,165","84,186","5,021",21-2026,"2,000","⚠ OVER LIMIT BY 3,021 km",
24 May 2026,CR05,LP 66 LB GP,"75,426","76,713","1,287",21-2026,"2,000",✅ Within Limit,
24 May 2026,CR06,MR 65 SW GP / BR 47 TY ZN,"83,894","85,536","1,642",21-2026,"2,000",✅ Within Limit,
24 May 2026,CR07,MS 29 BZ GP,"72,931","74,845","1,914",21-2026,"2,000",✅ Within Limit,
24 May 2026,CR09,MW 07 ZG GP / BR 43 XC ZN,"54,715","57,367","2,652",21-2026,"2,000",⚠ OVER LIMIT BY 652 km,
31 May 2026,CR06,MR 65 SW GP / BR 47 TY ZN,"85,536","86,920","1,384",22-2026,"2,000",✅ Within Limit,
31 May 2026,CR05,LP 66 LB GP,"76,713","78,785","2,072",22-2026,"2,000",⚠ OVER LIMIT BY 72 km,
31 May 2026,CR04,MN 81 MC GP,"84,186","85,332","1,146",22-2026,"2,000",✅ Within Limit,
01 Jun 2026,CR09,MW 07 ZG GP / BR 43 XC ZN,"57,367","58,472","1,105",23-2026,"2,000",✅ Within Limit,
07 Jun 2026,CR07,MS 29 BZ GP,"74,845","78,874","4,029",23-2026,"2,000","⚠ OVER LIMIT BY 2,029 km",
07 Jun 2026,CR08,MW 07 YY GP / BT 23 JK ZN,"56,740","67,918","11,178",23-2026,"2,000","⚠ OVER LIMIT BY 9,178 km",
07 Jun 2026,CR04,MN 81 MC GP,"85,332","86,472","1,140",23-2026,"2,000",✅ Within Limit,
07 Jun 2026,CR01,ML 47 SY GP,"95,864","101,062","5,198",23-2026,"2,000","⚠ OVER LIMIT BY 3,198 km",
07 Jun 2026,CR05,LP 66 LB GP,"78,785","80,566","1,781",23-2026,"2,000",✅ Within Limit,
07 Jun 2026,CR06,MR 65 SW GP / BR 47 TY ZN,"86,920","88,395","1,475",23-2026,"2,000",✅ Within Limit,
08 Jun 2026,CR09,MW 07 ZG GP / BR 43 XC ZN,"58,472","59,452",980,24-2026,"2,000",✅ Within Limit,
14 Jun 2026,CR05,LP 66 LB GP,"80,566","82,299","1,733",24-2026,"2,000",✅ Within Limit,
14 Jun 2026,CR06,MR 65 SW GP / BR 47 TY ZN,"88,395","89,911","1,516",24-2026,"2,000",✅ Within Limit,
14 Jun 2026,CR01,ML 47 SY GP,"101,062","103,374","2,312",24-2026,"2,000",⚠ OVER LIMIT BY 312 km,
14 Jun 2026,CR04,MN 81 MC GP,"86,472","87,666","1,194",24-2026,"2,000",✅ Within Limit,
14 Jun 2026,CR08,MW 07 YY GP / BT 23 JK ZN,"67,918","69,789","1,871",24-2026,"2,000",✅ Within Limit,
14 Jun 2026,CR07,MS 29 BZ GP,"78,874","80,716","1,842",24-2026,"2,000",✅ Within Limit,
15 Jun 2026,CR09,MW 07 ZG GP / BR 43 XC ZN,"59,452","60,190",738,25-2026,"2,000",✅ Within Limit,
21 Jun 2026,CR04,MN 81 MC GP,"87,666","89,164","1,498",25-2026,"2,000",✅ Within Limit,
21 Jun 2026,CR01,ML 47 SY GP,"103,374","105,319","1,945",25-2026,"2,000",✅ Within Limit,
21 Jun 2026,CR07,MS 29 BZ GP,"80,716","81,926","1,210",25-2026,"2,000",✅ Within Limit,
21 Jun 2026,CR08,MW 07 YY GP / BT 23 JK ZN,"69,789","71,623","1,834",25-2026,"2,000",✅ Within Limit,
21 Jun 2026,CR06,MR 65 SW GP / BR 47 TY ZN,"89,911","90,721",810,25-2026,"2,000",✅ Within Limit,
22 Jun 2026,CR05,LP 66 LB GP,"82,299","83,629","1,330",26-2026,"2,000",✅ Within Limit,
30 Jun 2026,CR04,MN 81 MC GP,"89,164","90,477","1,313",27-2026,"2,000",✅ Within Limit,
30 Jun 2026,CR07,MS 29 BZ GP,"81,926","83,769","1,843",27-2026,"2,000",✅ Within Limit,
30 Jun 2026,CR08,MW 07 YY GP / BT 23 JK ZN,"71,623","73,558","1,935",27-2026,"2,000",✅ Within Limit,
30 Jun 2026,CR01,ML 47 SY GP,"105,319","107,316","1,997",27-2026,"2,000",✅ Within Limit,
30 Jun 2026,CR05,LP 66 LB GP,"83,629","84,765","1,136",27-2026,"2,000",✅ Within Limit,
30 Jun 2026,CR06,MR 65 SW GP / BR 47 TY ZN,"90,721","91,875","1,154",27-2026,"2,000",✅ Within Limit,
07 Jul 2026,CR04,MN 81 MC GP,"90,477","91,857","1,380",28-2026,"2,000",✅ Within Limit,
07 Jul 2026,CR07,MS 29 BZ GP,"83,769","85,343","1,574",28-2026,"2,000",✅ Within Limit,
07 Jul 2026,CR08,MW 07 YY GP / BT 23 JK ZN,"73,558","75,422","1,864",28-2026,"2,000",✅ Within Limit,
07 Jul 2026,CR01,ML 47 SY GP,"107,316","108,636","1,320",28-2026,"2,000",✅ Within Limit,
07 Jul 2026,CR05,LP 66 LB GP,"84,765","85,909","1,144",28-2026,"2,000",✅ Within Limit,
13 Jul 2026,CR01,ML 47 SY GP,"108,636","109,976","1,340",29-2026,"2,000",✅ Within Limit,
13 Jul 2026,CR04,MN 81 MC GP,"91,857","93,139","1,282",29-2026,"2,000",✅ Within Limit,
13 Jul 2026,CR06,MR 65 SW GP / BR 47 TY ZN,"91,875","92,935","1,060",29-2026,"2,000",✅ Within Limit,
13 Jul 2026,CR07,MS 29 BZ GP,"85,343","86,927","1,584",29-2026,"2,000",✅ Within Limit,
13 Jul 2026,CR08,MW 07 YY GP / BT 23 JK ZN,"75,422","77,177","1,755",29-2026,"2,000",✅ Within Limit,
13 Jul 2026,CR02,ML 85 NG GP,"119,890","126,735","6,845",29-2026,"2,000","⚠ OVER LIMIT BY 4,845 km",
13 Jul 2026,CR05,LP 66 LB GP,"85,909","87,008","1,099",29-2026,"2,000",✅ Within Limit,
13 Jul 2026,CR09,MW 07 ZG GP / BR 43 XC ZN,"60,190","63,697","3,507",29-2026,"2,000","⚠ OVER LIMIT BY 1,507 km",
20 Jul 2026,CR08,MW 07 YY GP / BT 23 JK ZN,"77,177","79,337","2,160",30-2026,"2,000",⚠ OVER LIMIT BY 160 km,
20 Jul 2026,CR02,ML 85 NG GP,"126,735","128,443","1,708",30-2026,"2,000",✅ Within Limit,
20 Jul 2026,CR07,MS 29 BZ GP,"86,927","88,772","1,845",30-2026,"2,000",✅ Within Limit,
20 Jul 2026,CR01,ML 47 SY GP,"109,976","111,688","1,712",30-2026,"2,000",✅ Within Limit,
20 Jul 2026,CR05,LP 66 LB GP,"87,008","88,389","1,381",30-2026,"2,000",✅ Within Limit,
20 Jul 2026,CR09,MW 07 ZG GP / BR 43 XC ZN,"63,697","65,457","1,760",30-2026,"2,000",✅ Within Limit,
26 Jul 2026,CR01,ML 47 SY GP,"111,688","113,148","1,460",30-2026,"2,000",✅ Within Limit,
26 Jul 2026,CR06,MR 65 SW GP / BR 47 TY ZN,"92,935","94,948","2,013",30-2026,"2,000",⚠ OVER LIMIT BY 13 km,
26 Jul 2026,CR07,MS 29 BZ GP,"88,772","89,960","1,188",30-2026,"2,000",✅ Within Limit,
26 Jul 2026,CR08,MW 07 YY GP / BT 23 JK ZN,"79,337","81,209","1,872",30-2026,"2,000",✅ Within Limit,
26 Jul 2026,CR02,ML 85 NG GP,"128,443","129,953","1,510",30-2026,"2,000",✅ Within Limit,
26 Jul 2026,CR05,LP 66 LB GP,"88,389","89,323",934,30-2026,"2,000",✅ Within Limit,
27 Jul 2026,CR09,MW 07 ZG GP / BR 43 XC ZN,"65,457","66,584","1,127",31-2026,"2,000",✅ Within Limit,
02 Aug 2026,CR09,MW 07 ZG GP / BR 43 XC ZN,"66,584","68,131","1,547",31-2026,"2,000",✅ Within Limit,
02 Aug 2026,CR07,MS 29 BZ GP,"89,960","91,957","1,997",31-2026,"2,000",✅ Within Limit,
02 Aug 2026,CR04,MN 81 MC GP,"93,139","96,174","3,035",31-2026,"2,000","⚠ OVER LIMIT BY 1,035 km",
02 Aug 2026,CR05,LP 66 LB GP,"89,323","90,617","1,294",31-2026,"2,000",✅ Within Limit,
02 Aug 2026,CR01,ML 47 SY GP,"113,148","114,805","1,657",31-2026,"2,000",✅ Within Limit,
02 Aug 2026,CR06,MR 65 SW GP / BR 47 TY ZN,"94,948","96,556","1,608",31-2026,"2,000",✅ Within Limit,
03 Aug 2026,CR08,MW 07 YY GP / BT 23 JK ZN,"81,209","83,183","1,974",32-2026,"2,000",✅ Within Limit,
03 Aug 2026,CR02,ML 85 NG GP,"129,953","131,723","1,770",32-2026,"2,000",✅ Within Limit,
10 Aug 2026,CR01,ML 47 SY GP,"114,805","116,072","1,267",33-2026,"2,000",✅ Within Limit,
10 Aug 2026,CR09,MW 07 ZG GP / BR 43 XC ZN,"68,131","68,982",851,33-2026,"2,000",✅ Within Limit,
10 Aug 2026,CR04,MN 81 MC GP,"96,174","97,684","1,510",33-2026,"2,000",✅ Within Limit,
10 Aug 2026,CR08,MW 07 YY GP / BT 23 JK ZN,"83,183","84,769","1,586",33-2026,"2,000",✅ Within Limit,
10 Aug 2026,CR06,MR 65 SW GP / BR 47 TY ZN,"96,556","98,401","1,845",33-2026,"2,000",✅ Within Limit,
10 Aug 2026,CR05,LP 66 LB GP,"90,617","91,861","1,244",33-2026,"2,000",✅ Within Limit,
10 Aug 2026,CR02,ML 85 NG GP,"131,723","133,472","1,749",33-2026,"2,000",✅ Within Limit,
10 Aug 2026,CR07,MS 29 BZ GP,"91,957","93,016","1,059",33-2026,"2,000",✅ Within Limit,
17 Aug 2026,CR01,ML 47 SY GP,"116,072","117,410","1,338",34-2026,"2,000",✅ Within Limit,
17 Aug 2026,CR04,MN 81 MC GP,"97,684","98,903","1,219",34-2026,"2,000",✅ Within Limit,
17 Aug 2026,CR05,LP 66 LB GP,"91,861","93,253","1,392",34-2026,"2,000",✅ Within Limit,
17 Aug 2026,CR06,MR 65 SW GP / BR 47 TY ZN,"98,401","99,966","1,565",34-2026,"2,000",✅ Within Limit,
17 Aug 2026,CR07,MS 29 BZ GP,"93,016","94,338","1,322",34-2026,"2,000",✅ Within Limit, 
17 Aug 2026,CR08,MW 07 YY GP / BT 23 JK ZN,"84,769","86,777","2,008",34-2026,"2,000",⚠ OVER LIMIT BY 8 km,
17 Aug 2026,CR09,MW 07 ZG GP / BR 43 XC ZN,"68,982","70,546","1,564",34-2026,"2,000",✅ Within Limit,
25 Aug 2026,CR01,ML 47 SY GP,"117,410","118,551","1,141",35-2026,"2,000",✅ Within Limit,
25 Aug 2026,CR04,MN 81 MC GP,"98,903","99,862",959,35-2026,"2,000",✅ Within Limit,
25 Aug 2026,CR09,MW 07 ZG GP / BR 43 XC ZN,"70,546","71,698","1,152",35-2026,"2,000",✅ Within Limit,
25 Aug 2026,CR06,MR 65 SW GP / BR 47 TY ZN,"99,966","101,384","1,418",35-2026,"2,000",✅ Within Limit,
25 Aug 2026,CR08,MW 07 YY GP / BT 23 JK ZN,"86,777","88,752","1,975",35-2026,"2,000",✅ Within Limit,
25 Aug 2026,CR05,LP 66 LB GP,"93,253","94,394","1,141",35-2026,"2,000",✅ Within Limit,
25 Aug 2026,CR07,MS 29 BZ GP,"94,338","95,843","1,505",35-2026,"2,000",✅ Within Limit,
25 Aug 2026,CR02,ML 85 NG GP,"133,472","136,958","3,486",35-2026,"2,000","⚠ OVER LIMIT BY 1,486 km",
